month,year,mean,ERA5,PERSIANN,Rainfall
1,1990,3.775985718,0.249711797,0,0
2,1990,38.58939242,37.31527179,56.94681346,62
3,1990,127.2664816,148.1903195,183.5124793,212
4,1990,42.98542476,138.2228732,81.79300404,58
5,1990,280.9109182,268.5759068,291.8621328,261
6,1990,326.5561028,331.8906724,317.8256325,261
7,1990,475.2002916,440.8023357,439.7637503,436
8,1990,188.9762716,222.9758501,244.2925845,206
9,1990,181.9493772,267.0781314,321.056137,205
10,1990,102.5326458,179.9455285,160.4909614,156
11,1990,60.00106454,80.75103164,59.36854172,77
12,1990,6.793044299,31.14753589,10.4693916,4
1,1991,10.38795364,15.4569773,22.33413911,10
2,1991,16.46869791,34.74014252,44.68666887,54
3,1991,49.37758374,61.28262728,26.25953877,36
4,1991,55.02495527,116.9639006,71.5167751,38
5,1991,144.4471383,343.6489105,169.9213946,100
6,1991,327.4430195,402.0861983,398.9565217,421
7,1991,302.6497939,325.4755437,273.5473887,229
8,1991,238.7265034,278.6630988,322.4741052,318
9,1991,273.1468006,290.8455729,437.1402903,342
10,1991,186.1133914,186.3310039,231.4606003,161
11,1991,6.431983829,4.134159535,8.095141649,4
12,1991,9.509124935,40.29759765,73.63688374,47
1,1992,6.372925222,9.244473651,6.183422804,13
2,1992,20.26549137,44.64422166,,203
3,1992,12.10855711,2.053109929,4.072158933,0
4,1992,18.83827496,22.27584086,17.60838106,2
5,1992,264.7695971,216.1731869,169.0626209,192
6,1992,233.468648,207.6320052,243.2812573,157
7,1992,337.9572449,502.4980307,376.3897445,254
8,1992,211.8463335,274.2185593,267.2223563,198
9,1992,144.8874546,188.6944771,187.7752346,111
10,1992,56.85966301,92.34946966,105.3543628,88
11,1992,2.796727747,5.180969834,5.680812508,0
12,1992,1.911373198,1.463945024,0,0
1,1993,5.78227824,2.423122525,6.180882931,70
2,1993,6.679768741,35.52640602,30.35174274,52
3,1993,91.31713605,126.309678,99.85357666,127
4,1993,128.0023463,229.3972671,86.80083793,69
5,1993,233.0643387,325.0023127,290.0672815,211
6,1993,361.8135452,524.0387321,477.6591393,638
7,1993,461.4268415,377.4377108,461.667275,288
8,1993,281.1028881,281.6697657,379.1908673,290
9,1993,338.641777,373.4828234,394.4099261,196
10,1993,181.4057238,154.0605277,209.7932467,124
11,1993,8.88939178,34.97873992,18.94780445,14
12,1993,4.955284297,0.000765547,0,0
1,1994,6.204895794,10.53495426,22.10932279,1
2,1994,23.34799194,42.36772656,40.72033596,15
3,1994,54.9748745,54.80637029,41.20069432,0
4,1994,115.4164171,192.1235919,135.3477671,105
5,1994,173.8925705,208.4807158,136.3611901,115
6,1994,286.8711915,300.1146615,303.644142,239
7,1994,258.8444338,336.7646337,229.8318895,210
8,1994,346.1389904,307.7222705,361.6783078,217
9,1994,92.28562677,156.7440927,117.252494,160
10,1994,58.25729084,124.572143,102.8129163,63
11,1994,19.19173521,5.659582093,15.11197788,5
12,1994,1.705857724,0.004155561,0,0
1,1995,7.731047571,2.114058472,13.77651834,8
2,1995,17.28708076,69.47179139,32.94161224,112
3,1995,27.77439713,6.643875502,34.96083581,34
4,1995,36.79760838,78.69432867,27.90630537,18
5,1995,294.2950234,206.1627507,273.7461848,182
6,1995,349.1575633,348.4216332,427.4320458,306
7,1995,358.7438812,363.3795381,383.6721318,356
8,1995,320.145298,325.1603842,410.0838273,504
9,1995,385.8080673,268.1995332,380.0986097,278
10,1995,104.8572996,133.7201446,89.43808222,86
11,1995,76.60108936,158.007741,241.782203,162
12,1995,1.882970661,0.613529235,3.647444725,0
1,1996,5.50726223,1.865047961,13.6010952,1
2,1996,8.231459737,10.13727579,43.47627711,17
3,1996,31.94585085,57.50213191,39.77058578,1
4,1996,89.90867925,131.6929162,54.40395582,64
5,1996,142.7564988,53.49643156,176.1224039,117
6,1996,435.7088385,592.4098492,469.3576752,453
7,1996,246.0999231,303.6758006,324.6775246,223
8,1996,334.892292,377.9214621,370.6138359,275
9,1996,142.9027762,200.9390146,278.99156,70
10,1996,137.9611523,183.1144989,225.2260315,242
11,1996,3.086276144,8.109489456,2.01528579,8
12,1996,1.826648325,1.334107481,0,0
1,1997,9.874390006,16.64935425,0,10
2,1997,10.95177686,23.28342572,0,22
3,1997,61.02653825,81.34872466,70.25521111,99
4,1997,164.8102894,290.4238403,122.0976256,80
5,1997,247.2308459,207.0088387,223.0531302,181
6,1997,237.1756477,267.0170069,361.2517155,218
7,1997,525.415225,479.8595309,533.9250413,456
8,1997,479.4327621,317.717135,492.5669585,321
9,1997,327.7282314,339.3353522,556.2638191,364
10,1997,25.82200933,7.705495693,60.92788219,44
11,1997,3.928137004,2.60076765,10.05563736,2
12,1997,6.932869911,37.86250949,27.38384378,19
1,1998,12.37789035,42.08346456,19.23835611,59
2,1998,33.47154927,11.66244224,24.46049643,91
3,1998,173.1451688,190.2878284,171.0789083,213
4,1998,111.1694509,204.1718662,165.6094758,105
5,1998,154.4297953,308.4895909,217.6594178,161
6,1998,150.3164997,143.749401,136.9614211,175
7,1998,374.8234978,440.6657219,537.7131279,343
8,1998,322.3240871,381.3631237,425.247878,258
9,1998,275.7944508,276.7370343,326.512642,300
10,1998,192.1042604,95.16349435,173.1281038,157
11,1998,23.25452018,67.13286787,119.636472,132
12,1998,1.794221237,0,0,0
1,1999,4.145961642,0.000178814,1.121985599,0
2,1999,5.432578087,0.000501052,0.774942428,0
3,1999,25.9279573,3.805925138,30.23761749,0
4,1999,12.09260118,34.50212255,11.06968808,14
5,1999,253.1483862,316.7758584,246.1252373,172
6,1999,315.9008207,374.6932745,426.2602159,185
7,1999,528.2250366,415.1583314,505.1656342,420
8,1999,354.4371481,302.1481037,342.5313296,371
9,1999,348.638978,240.6124473,395.4657989,374
10,1999,262.7245445,190.0039911,254.2494125,160
11,1999,6.802708745,5.343561061,29.70615005,14
12,1999,1.848354772,0.01621712,0,0
1,2000,4.493862301,12.2875059,6.778287888,4
2,2000,16.61480427,26.91056207,44.63420868,16
3,2000,24.96216488,14.93253652,36.02174306,18
4,2000,114.7016521,131.1248243,224.8453888,100
5,2000,344.9288278,225.9026021,436.3602641,145
6,2000,298.1371355,298.5889912,340.5869665,217
7,2000,283.8002826,510.5698705,281.3033354,410
8,2000,310.3923092,254.8829913,395.2696002,294
9,2000,189.7518901,285.43818,323.4638394,336
10,2000,116.0517175,158.1332535,190.3076549,216
11,2000,10.21175289,3.516620025,22.57971281,0
12,2000,2.017997503,0,0,0
1,2001,3.221381277,0.587999821,0,0
2,2001,24.4097302,18.78794096,30.38392925,64
3,2001,55.23753023,44.13707927,31.92938173,21
4,2001,63.47120333,74.77173954,79.83537996,51
5,2001,324.9698696,565.3785467,387.5490639,244
6,2001,435.4734831,392.5864398,488.7849844,355
7,2001,245.1721525,303.7468791,356.8663386,272
8,2001,323.6654282,215.1777744,244.3782525,188
9,2001,117.9854832,225.073427,200.1937735,207
10,2001,243.6815087,159.1674984,239.5104611,196
11,2001,21.30108023,48.31812158,41.39347279,31
12,2001,3.487608612,0.005969778,0.180653512,0
1,2002,6.624339312,24.37588014,32.87115383,15
2,2002,6.813048482,2.225624397,8.478113592,0
3,2002,31.1366787,78.75567675,51.34365845,14
4,2002,75.53313613,125.4967749,109.4999114,74
5,2002,207.171268,391.4948106,361.4864904,254
6,2002,477.4955215,527.2020102,600.324825,846
7,2002,483.2379341,369.5803583,478.5024641,360
8,2002,331.2814503,275.8255601,411.2330527,483
9,2002,209.1815281,230.0997525,350.2938198,357
10,2002,58.50026917,84.33458209,68.60730392,22
11,2002,33.45888978,121.4319766,81.32719308,169
12,2002,1.909571856,0.19810535,0.468436807,0
1,2003,3.353512645,1.379419118,0.905398846,0
2,2003,7.671604335,12.31200714,4.821669817,0
3,2003,100.0537069,70.61118633,89.50837219,155
4,2003,63.58807206,172.2675115,93.73154199,63
5,2003,175.5527787,98.49259257,158.5204712,125
6,2003,412.2464027,414.157629,569.9037621,251
7,2003,301.382566,248.4247833,356.123696,287
8,2003,205.8052859,223.2789844,192.827744,255
9,2003,156.8644743,220.0951874,227.1021123,145
10,2003,202.9701877,161.184907,345.6742976,315
11,2003,4.203853667,1.049581915,0,0
12,2003,9.017145634,41.02642834,23.92286873,22
1,2004,2.973933905,5.624722689,6.160862446,0
2,2004,4.410280466,0.04163757,0,0
3,2004,29.73879123,8.903225884,28.19565648,7
4,2004,133.7631991,247.3818809,152.1032866,85
5,2004,95.15237761,129.1376352,159.4711915,180
6,2004,431.7957134,407.9473019,460.0649941,383
7,2004,332.2827358,311.8801117,439.027364,253
8,2004,248.4842968,326.8253207,273.6160168,266
9,2004,337.6991377,413.1103158,537.9592009,621
10,2004,190.9020172,132.6599717,226.485758,183
11,2004,2.787875831,0.822159462,6.062444687,0
12,2004,1.897737935,0.36490988,8.02865696,0
1,2005,7.678147972,14.53677565,15.87282348,15
2,2005,5.738782883,1.557439566,6.904866934,0
3,2005,90.29424262,122.3805174,163.5497468,148
4,2005,62.12242293,77.30982453,84.20093477,43
5,2005,129.6399894,189.1374886,168.5188273,215
6,2005,256.5387039,158.9430273,294.8453518,102
7,2005,323.6287,432.2221875,468.729496,435
8,2005,296.3320713,256.4728558,322.5466162,194
9,2005,196.1150236,283.2142115,274.2833576,410
10,2005,256.7634974,326.8864751,401.9139352,420
11,2005,2.62161234,0.703895465,1.783262551,0
12,2005,2.021247059,11.07874699,2.621520162,0
1,2006,2.872427076,0.396098942,0.908894151,0
2,2006,4.099638045,0.590045005,1.933378696,0
3,2006,17.02526915,4.856001586,4.796666101,5
4,2006,84.76832438,49.38159883,87.09566307,19
5,2006,223.5164289,354.0192246,380.7397977,230
6,2006,175.590508,203.1609714,346.9768736,262
7,2006,358.3361511,389.8071349,363.9862759,522
8,2006,287.0600414,291.4671302,284.4368917,364
9,2006,309.4228239,224.4127542,494.0997469,579
10,2006,54.41188729,60.99352241,58.85446137,79
11,2006,8.068071574,4.722408019,11.4533949,1
12,2006,1.898609504,0.002363697,0,0
1,2007,3.215725452,0.361999497,0.84949863,0
2,2007,38.05199242,76.44149661,57.37859058,54
3,2007,19.62498283,11.18543372,25.56880367,14
4,2007,95.00819635,199.9436021,143.3643653,92
5,2007,101.3518867,87.67214417,99.96526825,119
6,2007,413.6111755,450.7843852,551.4922193,374
7,2007,707.4509182,511.8163228,733.9522243,591
8,2007,261.3626366,293.571353,274.3629754,160
9,2007,304.8676717,344.3901837,358.8827523,397
10,2007,217.9807092,256.3021183,335.2889346,197
11,2007,32.93934935,169.8534191,111.6943021,113
12,2007,1.734243289,0.020427629,0,0
1,2008,8.986028612,54.95705083,60.38899183,66
2,2008,8.846201539,29.62580696,24.86648369,36
3,2008,26.35372436,21.93245292,30.96922082,48
4,2008,67.63891959,18.33279431,63.03353804,36
5,2008,146.9294682,151.6588777,187.8965902,151
6,2008,344.7439499,340.502888,351.7298783,190
7,2008,407.537014,497.0429242,404.8424803,301
8,2008,253.8140001,317.4954653,354.0069757,202
9,2008,230.6854525,312.4825358,274.9229504,379
10,2008,170.880861,233.6958945,205.2256291,187
11,2008,8.71280542,0.013688579,6.801168621,0
12,2008,1.94516784,0.424100086,0.20162496,0
1,2009,2.872428238,3.097459674,0,1
2,2009,4.531942189,6.105143577,6.483657837,6
3,2009,73.66697907,36.77838668,48.54583615,10
4,2009,22.33468556,16.23187214,10.76329416,23
5,2009,287.8263288,196.7060864,344.4936319,130
6,2009,178.7108979,168.0942029,182.931847,233
7,2009,431.7934437,276.0307491,521.2914569,347
8,2009,392.8995209,470.967412,462.8587168,568
9,2009,240.0884466,247.532934,292.2885808,357
10,2009,105.8241807,105.7137176,159.8618891,111
11,2009,21.90452167,14.1411256,31.75506604,20
12,2009,1.958200604,0.110359862,0.220345169,0
1,2010,2.872426927,0.968882814,0.725829631,0
2,2010,16.39255983,7.408553734,17.57388347,2
3,2010,20.44908679,16.25510119,13.95012784,14
4,2010,49.15845394,57.40740895,119.3841327,21
5,2010,223.0676136,184.0391457,239.9606963,146
6,2010,328.0222397,336.9296789,381.5083473,287
7,2010,241.5398502,237.1265739,250.793273,180
8,2010,229.6411381,176.880151,241.8164734,205
9,2010,159.9618263,257.7049136,223.7852937,157
10,2010,152.4817189,178.0678332,156.6959486,332
11,2010,6.164034963,13.8117075,16.0248208,0
12,2010,9.977765441,15.56352898,25.93657732,13
1,2011,2.895104825,0.181987882,8.993873119,0
2,2011,4.975950539,0.928978436,0,1
3,2011,50.19043398,50.24640262,70.71239066,16
4,2011,68.88661957,81.9369927,66.09707808,28
5,2011,253.405407,239.3489778,208.8791088,145
6,2011,419.740221,414.9928689,537.6489744,381
7,2011,252.6735578,329.821527,267.2229841,387
8,2011,502.8186054,561.0460043,523.0132599,614
9,2011,188.7077062,258.8218749,275.0675198,367
10,2011,46.05137038,57.65092745,42.81747711,3
11,2011,3.08319217,3.572599031,0,6
12,2011,1.958334193,1.364696771,2.427479431,0
1,2012,13.74756151,30.1234331,47.49410272,66
2,2012,10.94681829,2.158978954,7.476303101,18
3,2012,12.47488308,11.3563519,6.018466711,1
4,2012,124.0434074,203.8139701,191.920222,52
5,2012,95.8456583,72.62711972,89.7217758,63
6,2012,212.4616637,175.0482917,255.5113877,255
7,2012,269.5781374,237.0160073,270.6800094,391
8,2012,272.8941441,294.55477,292.3609816,254
9,2012,253.7587495,281.4625502,258.0130736,374
10,2012,98.28046352,109.6207798,192.1919314,89
11,2012,39.93465495,61.4384748,43.6989913,80
12,2012,2.503778517,39.02573138,3.660945058,2
1,2013,4.414903253,3.726562485,3.526977658,1
2,2013,8.687942088,6.998289376,11.28767216,7
3,2013,30.30493379,6.598592736,19.92116678,19
4,2013,50.18981361,76.51275396,90.92513424,62
5,2013,415.7291126,356.8667173,523.8823091,430
6,2013,273.6938746,266.9088542,322.9490262,212
7,2013,287.7540121,215.6814933,254.0663309,313
8,2013,369.7324238,333.9333534,364.0694294,482
9,2013,221.9179435,250.5459785,249.7598138,278
10,2013,199.7684922,197.2695589,341.0085657,260
11,2013,3.378894329,0.141913071,0.747141078,0
12,2013,3.623142898,0.960904174,0.958316451,0
1,2014,3.416467547,1.359400339,0,0
2,2014,10.63056886,49.8424992,9.633825302,24
3,2014,31.33396173,22.53989317,13.81780082,5
4,2014,18.57937193,27.73351781,9.614844441,0
5,2014,200.1246936,134.9778771,230.2887986,118
6,2014,362.5344611,298.1106639,495.736129,447
7,2014,334.7732029,244.1795468,283.5797006,394
8,2014,262.3243008,376.6174614,346.2449955,258
9,2014,156.854375,166.4072573,224.8419819,205
10,2014,38.20844078,80.39943129,67.1280039,10
11,2014,3.449090183,1.665523276,0.146426275,0
12,2014,2.694714755,9.406639263,1.759044677,0
1,2015,4.817833275,10.8807506,13.48595428,41
2,2015,30.95305294,42.3812829,15.07316005,35
3,2015,44.94983196,26.4420528,18.20654652,28
4,2015,120.731709,237.7613187,136.9210179,107
5,2015,92.08668089,81.62847161,108.4212148,128
6,2015,351.2199397,399.8663425,403.9323744,318
7,2015,781.5332069,573.8801956,705.8648806,922
8,2015,277.33918,269.5769668,342.3438573,353
9,2015,242.387763,199.498117,309.3000645,293
10,2015,97.99180591,77.97519118,112.6075604,83
11,2015,11.43478668,9.204923175,5.706221521,3
12,2015,3.315095812,15.00899717,10.0126012,6
1,2016,4.798265278,11.12978347,12.31194353,0
2,2016,40.98600793,37.5338383,89.2848084,97
3,2016,48.52373791,75.65893233,52.75557485,5
4,2016,57.05817032,73.1549263,54.18238804,54
5,2016,314.2103138,304.8681021,325.2392809,350
6,2016,155.1708531,212.6104534,191.7713943,353
7,2016,462.3338318,393.2941556,442.3254973,413
8,2016,404.0555801,467.9626822,322.8041587,646
9,2016,125.7084208,189.0753806,222.1094258,148
10,2016,92.0852319,129.9631596,102.7142384,81
11,2016,44.8965525,68.95230711,49.49773765,75
12,2016,2.325956881,0.056991354,0,0
1,2017,3.41645813,0.440606847,6.875014067,0
2,2017,4.689741194,3.622921184,0,2
3,2017,48.23869324,93.55601668,31.58808601,59
4,2017,111.4559201,121.4608327,126.2537665,99
5,2017,176.1701303,119.6702346,137.0257736,200
6,2017,356.5652647,404.7740996,14.04238862,356
7,2017,657.2024689,425.4041314,4.790929031,690
8,2017,359.542942,360.3508472,441.0527527,313
9,2017,176.6403313,290.5161381,299.6577427,175
10,2017,336.3602064,237.4805808,268.5342767,322
11,2017,22.14271039,32.71519393,20.8518821,19
12,2017,17.82566309,95.51312774,64.84441268,51
1,2018,4.817494065,0.041525811,7.808684349,0
2,2018,14.3557874,2.368586138,6.616583675,0
3,2018,21.1380136,25.00358969,17.8324081,1
4,2018,124.5208235,166.9321209,186.7147851,64
5,2018,246.5710869,338.9895558,338.5493989,226
6,2018,251.8329659,349.11865,357.029047,266
7,2018,363.203804,352.6110649,398.245137,264
8,2018,190.9512005,191.4218664,235.5287302,107
9,2018,139.2638402,154.0410221,191.7639385,106
10,2018,81.53137231,121.1115122,147.5857831,36
11,2018,4.966717541,4.245601594,4.255623192,0
12,2018,3.941075921,21.94057032,8.981664896,3
1,2019,3.666300297,0.51301904,0,0
2,2019,41.91451776,41.11208394,68.34038496,166
3,2019,82.80729389,50.26495829,85.99325681,74
4,2019,101.8876781,151.0155946,128.332837,102
5,2019,185.1067195,131.1109811,200.3083692,104
6,2019,186.108201,271.7632353,209.1965124,114
7,2019,494.4946604,239.6404147,478.4169159,335
8,2019,312.2093849,289.3509567,347.9845634,370
9,2019,187.6789536,181.0694337,317.3762167,283
10,2019,152.1153201,147.9663551,163.3923746,187
11,2019,54.63291675,156.1697423,124.3409758,175
12,2019,4.284284949,8.238963783,7.840466917,15
